PLAYER,ROLEXRANK,SCORING AVERAGE,SG:TOTAL,BIRDIES OR BETTER,PAR 3’s,PAR 4’s,PAR 5’s
Lydia KoRounds played 85,#1,69.0,2.57,4.57,2.88,3.95,4.59
Hyo Joo KimRounds played 62,#9,69.4,2.01,4.05,2.90,3.96,4.61
Atthaya ThitikulRounds played 99,#3,69.5,1.99,4.33,2.98,3.94,4.63
Linn GrantRounds played 22,#26,69.5,2.08,5.09,3.20,3.95,4.36
Brooke M. HendersonRounds played 76,#7,69.5,1.97,4.17,3.00,3.94,4.59
Xiyu LinRounds played 92,#15,69.5,1.82,4.31,2.98,3.98,4.56
Nelly KordaRounds played 54,#2,69.7,1.98,4.32,3.02,3.97,4.56
Minjee LeeRounds played 75,#4,69.7,1.69,4.33,2.95,3.97,4.62
Lexi ThompsonRounds played 62,#6,69.7,1.85,3.78,3.03,3.94,4.63
Danielle KangRounds played 64,#16,69.7,1.59,4.16,2.89,3.99,4.72
Hye-Jin ChoiRounds played 102,#20,69.7,1.85,4.13,2.96,3.95,4.65
Hannah GreenRounds played 82,#19,69.8,1.63,4.11,2.95,3.97,4.69
Azahara MunozRounds played 14,#282,69.9,0.50,3.50,2.85,4.00,4.83
Celine BoutierRounds played 86,#12,69.9,1.63,4.06,2.97,4.01,4.57
Andrea LeeRounds played 76,#31,69.9,1.50,3.85,2.90,3.99,4.70
Nasa HataokaRounds played 95,#10,69.9,1.48,4.26,2.90,3.99,4.69
Madelene SagstromRounds played 88,#27,70.1,1.24,4.21,2.94,4.01,4.64
Charley HullRounds played 58,#17,70.1,1.54,4.14,3.03,3.97,4.63
Megan KhangRounds played 84,#28,70.1,1.23,3.73,3.00,4.01,4.62
Sei Young KimRounds played 72,#21,70.2,1.31,4.08,2.95,4.03,4.61
In Gee ChunRounds played 71,#8,70.2,1.37,3.63,2.95,4.01,4.63
Lilia VuRounds played 91,#43,70.2,1.42,3.87,2.99,3.97,4.71
Maja StarkRounds played 18,#41,70.3,0.78,3.61,3.02,4.04,4.62
Ayaka FurueRounds played 101,#22,70.3,1.04,3.49,2.96,3.97,4.74
Georgia HallRounds played 73,#25,70.4,1.60,3.99,3.05,4.00,4.54
Jessica KordaRounds played 53,#18,70.4,1.46,3.82,3.05,4.02,4.68
Amy YangRounds played 65,#82,70.4,0.83,4.05,2.99,4.00,4.71
Leona MaguireRounds played 82,#11,70.5,1.20,3.83,3.02,3.99,4.67
Chella ChoiRounds played 87,#65,70.5,0.86,3.65,2.94,4.03,4.67
Jodi Ewart ShadoffRounds played 90,#60,70.5,0.92,3.59,3.02,4.00,4.73
A Lim KimRounds played 108,#47,70.5,0.93,3.85,3.02,4.02,4.62
Carlota CigandaRounds played 79,#52,70.6,0.70,4.04,3.01,4.04,4.62
Jennifer KupchoRounds played 93,#13,70.6,0.92,3.90,3.08,4.04,4.57
Alison LeeRounds played 89,#61,70.6,0.87,3.52,2.96,4.04,4.66
Klara Davidson SpilkovaRounds played 3,#159,70.7,0.23,4.00,3.25,3.97,4.67
Jin Young KoRounds played 55,#5,70.7,1.07,3.67,3.00,4.02,4.70
Cheyenne KnightRounds played 85,#75,70.7,0.94,3.40,3.02,3.98,4.75
Yuka SasoRounds played 88,#32,70.7,0.76,4.03,3.04,4.05,4.62
Jeongeun Lee6Rounds played 78,#38,70.7,0.54,3.89,2.96,4.01,4.80
Daniela DarqueaRounds played 36,#195,70.8,0.61,3.44,3.07,3.98,4.68
Lizette SalasRounds played 76,#50,70.8,0.57,3.27,2.94,4.05,4.76
Sarah SchmelzelRounds played 86,#83,70.8,0.51,3.48,2.99,4.02,4.74
Gaby LopezRounds played 81,#37,70.8,0.69,3.63,3.04,4.03,4.67
Marina AlexRounds played 83,#40,70.8,0.51,3.30,2.98,4.03,4.74
Allisen CorpuzRounds played 79,#48,70.9,0.80,3.49,3.10,4.00,4.69
Nanna Koerstz MadsenRounds played 68,#53,70.9,0.39,3.57,3.12,4.01,4.66
Ruoning YinRounds played 45,#151,70.9,0.49,3.67,3.03,4.00,4.79
Inbee ParkRounds played 48,#36,70.9,0.95,3.48,2.98,4.02,4.79
Narin AnRounds played 89,#62,71.0,0.73,3.44,3.04,4.03,4.68
Eun-Hee JiRounds played 73,#57,71.0,0.72,3.54,3.01,4.04,4.74
Anna NordqvistRounds played 78,#30,71.0,0.66,3.13,3.02,4.02,4.72
Ally EwingRounds played 70,#35,71.0,0.68,3.63,3.01,4.07,4.67
Frida KinhultRounds played 74,#177,71.0,0.49,3.57,3.09,4.06,4.63
Karis DavidsonRounds played 36,#292,71.1,0.22,3.63,3.22,4.04,4.52
Pajaree AnannarukarnRounds played 94,#87,71.1,0.45,3.48,3.02,4.04,4.73
Ryann O'TooleRounds played 83,#63,71.1,0.78,3.49,3.10,4.01,4.69
Albane ValenzuelaRounds played 81,#129,71.1,0.19,3.32,3.08,4.04,4.70
So Yeon RyuRounds played 69,#78,71.1,0.15,3.54,3.04,4.05,4.70
Moriya JutanugarnRounds played 94,#74,71.1,0.32,3.41,3.01,4.03,4.76
Paula RetoRounds played 90,#58,71.1,0.51,3.57,3.09,4.01,4.75
Brittany AltomareRounds played 87,#101,71.1,0.27,3.34,3.00,4.05,4.73
Ruixin LiuRounds played 64,#243,71.2,0.21,3.37,2.99,4.08,4.70
Jenny ShinRounds played 73,#98,71.2,0.38,3.53,3.01,4.03,4.77
Ashleigh BuhaiRounds played 76,#24,71.2,0.13,3.33,2.99,4.06,4.75
Caroline MassonRounds played 73,#80,71.2,0.01,2.96,2.95,4.09,4.75
Jasmine SuwannapuraRounds played 83,#164,71.2,0.10,3.31,3.00,4.05,4.73
Gemma DryburghRounds played 89,#72,71.2,0.34,3.33,3.03,4.04,4.73
Wei-Ling HsuRounds played 75,#111,71.2,0.01,3.15,2.98,4.06,4.76
Stephanie KyriacouRounds played 66,#97,71.2,0.31,3.79,3.06,4.04,4.73
Alena SharpRounds played 35,#328,71.3,-0.15,3.35,3.13,4.02,4.76
Emily Kristine PedersenRounds played 73,#126,71.3,0.14,3.49,3.07,4.05,4.68
Stacy LewisRounds played 80,#128,71.3,0.09,3.29,3.06,4.04,4.75
Ariya JutanugarnRounds played 90,#73,71.3,0.11,3.41,3.00,4.06,4.80
Lauren StephensonRounds played 74,#131,71.3,0.29,3.57,3.10,4.01,4.71
Mo MartinRounds played 30,#369,71.3,0.11,2.81,2.99,4.07,4.75
Mina HarigaeRounds played 74,#51,71.4,0.03,3.13,2.98,4.03,4.84
Hinako ShibunoRounds played 71,#42,71.4,0.12,3.44,3.04,4.06,4.76
Lindy DuncanRounds played 28,#272,71.4,-0.27,3.12,3.10,4.07,4.71
Jennifer ChangRounds played 64,#176,71.4,0.19,3.37,3.06,4.05,4.74
Perrine DelacourRounds played 57,#178,71.4,0.08,3.56,3.04,4.06,4.68
Pornanong PhatlumRounds played 92,#120,71.5,0.05,3.09,3.04,4.03,4.79
Amanda DohertyRounds played 64,#213,71.5,0.16,3.78,3.16,4.08,4.59
Matilda CastrenRounds played 83,#92,71.5,0.09,3.43,3.06,4.05,4.78
Emma TalleyRounds played 86,#170,71.5,-0.12,3.32,3.01,4.07,4.80
Pauline RoussinRounds played 78,#88,71.5,0.08,3.56,3.05,4.08,4.75
Haru NomuraRounds played 22,#584,71.5,-0.29,3.55,3.01,4.09,4.76
Yu LiuRounds played 77,#162,71.5,-0.27,3.36,3.12,4.05,4.78
Lauren CoughlinRounds played 69,#166,71.5,0.09,3.03,3.07,4.07,4.72
Caroline InglisRounds played 48,#221,71.5,0.14,3.35,3.11,4.07,4.65
Stephanie MeadowRounds played 83,#133,71.6,0.15,3.13,3.07,4.06,4.74
Haeji KangRounds played 69,#185,71.6,-0.23,2.98,3.02,4.09,4.78
Yealimi NohRounds played 86,#108,71.6,-0.21,3.29,3.09,4.09,4.70
Jeongeun Lee5Rounds played 74,#180,71.6,-0.28,3.12,3.02,4.08,4.82
Sarah KempRounds played 67,#187,71.7,-0.08,3.00,3.09,4.06,4.75
Wichanee MeechaiRounds played 92,#119,71.7,-0.29,3.23,3.07,4.08,4.70
Kelly TanRounds played 81,#223,71.7,-0.17,3.39,3.10,4.08,4.68
Patty TavatanakitRounds played 64,#54,71.8,-0.26,3.88,3.06,4.11,4.62
Ayako UeharaRounds played 20,#449,71.8,-0.55,2.70,2.93,4.09,4.83
Lindsey Weaver-WrightRounds played 67,#145,71.8,-0.35,2.95,3.01,4.08,4.78
Dana FallRounds played 56,#273,71.8,-0.21,2.70,3.06,4.06,4.79
Peiyun ChienRounds played 64,#235,71.8,-0.18,3.37,3.15,4.09,4.63
Esther HenseleitRounds played 72,#137,71.8,-0.46,3.23,2.97,4.09,4.78
Elizabeth SzokolRounds played 37,#149,71.8,-0.48,3.37,2.97,4.11,4.87
Angel YinRounds played 79,#138,71.9,-0.44,3.50,3.11,4.10,4.75
Isi GabsaRounds played 59,#321,71.9,-0.30,3.36,3.16,4.08,4.73
Min LeeRounds played 60,#240,71.9,-0.47,3.17,3.12,4.07,4.74
Brittany LangRounds played 41,#303,71.9,-0.52,2.95,3.09,4.11,4.81
Maria FassiRounds played 59,#104,71.9,-0.37,3.58,3.20,4.07,4.71
Mi Hyang LeeRounds played 48,#341,71.9,-0.57,3.15,3.09,4.12,4.60
Brittany LincicomeRounds played 32,#192,71.9,-0.13,2.78,3.10,4.03,4.84
Pernilla LindbergRounds played 57,#284,71.9,-0.35,3.18,3.05,4.13,4.68
Charlotte ThomasRounds played 61,#253,71.9,-0.39,2.93,3.13,4.09,4.75
Sophia SchubertRounds played 76,#76,72.0,-0.46,3.07,3.06,4.10,4.73
Caroline HedwallRounds played 2,#125,72.0,-0.30,3.00,2.88,4.10,4.88
Morgane MetrauxRounds played 65,#132,72.0,-0.43,3.38,3.06,4.09,4.80
Aditi AshokRounds played 79,#193,72.0,-0.36,2.92,3.03,4.10,4.74
Dewi WeberRounds played 58,#354,72.0,-0.33,3.13,3.10,4.09,4.77
Sarah BurnhamRounds played 2,#557,72.0,-0.71,3.00,3.25,4.09,4.67
Bronte LawRounds played 57,#95,72.0,-0.37,2.90,3.05,4.10,4.74
Gina KimRounds played 33,#271,72.1,-0.61,3.45,3.05,4.10,4.91
Amy OlsonRounds played 65,#183,72.1,-0.28,2.85,3.12,4.09,4.76
Annie ParkRounds played 70,#179,72.1,-0.43,3.22,3.17,4.08,4.79
Kaitlyn Papp BuddeRounds played 50,#446,72.1,-0.81,3.44,3.12,4.10,4.76
Dottie ArdinaRounds played 23,#342,72.2,-0.05,3.00,3.15,4.06,4.85
Dani HolmqvistRounds played 7,#346,72.2,-1.05,2.40,3.20,4.06,4.82
Maude-Aimee LeblancRounds played 72,#146,72.2,-0.50,3.49,3.13,4.09,4.81
Jennifer SongRounds played 66,#259,72.2,-0.96,3.27,3.07,4.12,4.81
Haylee HarfordRounds played 46,#433,72.2,-0.75,2.83,3.15,4.10,4.71
Alana UriellRounds played 55,#337,72.3,-0.66,3.30,3.20,4.12,4.68
Sung Hyun ParkRounds played 55,#200,72.3,-0.50,3.35,3.10,4.11,4.77
Gerina MendozaRounds played 49,#209,72.3,-0.60,2.92,3.05,4.11,4.86
Kristen GillmanRounds played 20,#522,72.3,-0.81,2.83,3.27,4.12,4.63
Su OhRounds played 63,#184,72.3,-0.81,3.30,3.12,4.14,4.70
Paula CreamerRounds played 14,#814,72.3,-1.08,3.36,3.02,4.14,4.80
Becky MorganRounds played 6,#401,72.3,0.06,3.50,3.35,4.07,4.52
Celine HerbinRounds played 33,#398,72.3,-0.81,2.86,3.05,4.13,4.82
Cristie KerrRounds played 33,#394,72.4,-0.94,3.21,3.08,4.09,4.89
Linnea JohanssonRounds played 59,#416,72.4,-0.52,3.00,3.14,4.11,4.73
Lee-Anne PaceRounds played 18,#168,72.4,-0.63,3.11,3.16,4.15,4.65
Tiffany ChanRounds played 39,#366,72.4,-0.99,3.23,3.18,4.15,4.72
Austin ErnstRounds played 18,#153,72.4,-0.70,2.89,3.08,4.09,4.76
Olivia CowanRounds played 22,#174,72.5,-0.33,3.32,3.34,4.03,4.63
Yaeeun HongRounds played 58,#310,72.5,-0.91,3.09,3.12,4.10,4.83
Giulia MolinaroRounds played 58,#311,72.5,-0.99,3.02,3.10,4.13,4.77
Jaye Marie GreenRounds played 36,#327,72.5,-0.85,3.14,3.06,4.15,4.84
Bianca PagdangananRounds played 50,#324,72.5,-0.53,3.25,3.10,4.13,4.73
Muni HeRounds played 51,#242,72.5,-0.72,2.73,3.12,4.12,4.84
Robynn ReeRounds played 42,#509,72.6,-0.89,2.95,3.11,4.13,4.84
Maddie SzerykRounds played 38,#567,72.6,-1.12,2.62,3.09,4.16,4.80
Ana BelacRounds played 52,#428,72.6,-0.98,2.86,3.15,4.11,4.81
Anne Van DamRounds played 28,#255,72.7,-0.78,3.83,3.16,4.08,4.80
Katherine KirkRounds played 28,#404,72.7,-0.95,3.04,3.16,4.15,4.70
Weiwei ZhangRounds played 24,#434,72.7,-1.40,3.27,3.02,4.10,4.85
Jessica PengRounds played 11,#566,72.7,-1.05,2.36,3.13,4.07,4.86
Mariah StackhouseRounds played 24,#658,72.8,-1.26,2.90,2.96,4.16,4.92
Rachel RohannaRounds played 51,#473,72.8,-1.06,2.77,3.09,4.10,4.88
Katherine Perry-HamskiRounds played 49,#533,72.8,-1.05,3.15,3.20,4.11,4.79
In Kyung KimRounds played 40,#319,72.8,-0.80,2.83,3.07,4.17,4.82
Cydney ClantonRounds played 52,#403,72.9,-1.12,3.18,3.11,4.15,4.75
Sarah Jane SmithRounds played 31,#437,72.9,-1.12,3.11,3.17,4.16,4.76
Brooke MatthewsRounds played 38,#832,72.9,-1.27,2.73,3.10,4.17,4.82
Luna Sobron GalmesRounds played 15,#450,72.9,-1.07,3.23,3.19,4.19,4.63
Janie JacksonRounds played 57,#464,72.9,-1.20,3.07,3.20,4.13,4.72
Lauren HartlageRounds played 44,#624,73.0,-1.33,2.77,3.24,4.13,4.80
Sophia PopovRounds played 49,#245,73.0,-0.95,3.19,3.11,4.17,4.78
Na Yeon ChoiRounds played 44,#388,73.0,-1.73,2.81,3.13,4.18,4.77
Agathe LaisneRounds played 41,#379,73.0,-1.36,2.78,3.22,4.13,4.80
Christina KimRounds played 47,#402,73.0,-1.37,2.71,3.15,4.16,4.80
Casey DanielsonRounds played 43,#506,73.0,-1.29,2.77,3.14,4.17,4.77
Yu-Sang HouRounds played 30,#531,73.0,-1.40,2.86,3.07,4.20,4.76
Pannarat ThanapolboonyarasRounds played 12,#540,73.0,-1.29,2.70,3.13,4.12,4.75
Karrie WebbRounds played 10,#790,73.0,-0.74,2.17,3.04,4.19,4.77
Allison EmreyRounds played 54,#378,73.0,-1.25,2.71,3.14,4.15,4.87
Sanna NuutinenRounds played 47,#281,73.0,-1.47,2.89,3.18,4.19,4.74
Mel ReidRounds played 49,#220,73.1,-1.37,2.40,3.17,4.14,4.81
Jenny ColemanRounds played 63,#325,73.1,-1.72,3.12,3.18,4.16,4.79
Angela StanfordRounds played 44,#312,73.1,-1.21,2.74,3.14,4.14,4.88
Ssu-Chia ChengRounds played 7,#432,73.1,-0.95,1.86,3.04,4.16,4.92
Nicole Broch EstrupRounds played 14,#279,73.2,-0.73,3.50,3.53,4.13,4.38
Vicky HurstRounds played 10,#843,73.2,-1.93,3.50,3.18,4.17,4.73
Kris TamulisRounds played 6,#1295,73.3,-2.05,1.25,2.88,4.29,4.96
Hee Young ParkRounds played 26,#359,73.3,-1.38,3.12,3.08,4.22,4.72
Katie YooRounds played 12,-,73.4,-1.63,3.08,3.06,4.15,4.73
Brianna DoRounds played 30,#465,73.5,-1.35,2.46,3.24,4.16,4.82
Cindy LacrosseRounds played 6,#1145,73.5,-2.14,3.75,2.94,4.28,4.75
Meaghan FrancellaRounds played 6,-,73.5,-0.80,2.75,3.00,4.21,4.93
Jiwon JeonRounds played 16,#556,73.6,-1.55,2.50,3.19,4.13,4.97
Nuria IturriozRounds played 22,#340,73.6,-1.91,3.00,3.31,4.16,4.75
Marissa SteenRounds played 27,#356,73.8,-1.49,2.24,3.15,4.14,4.94
Amelia LewisRounds played 16,#920,73.9,-1.93,2.42,3.21,4.19,4.91
Liz NagelRounds played 27,#589,73.9,-1.92,3.12,3.26,4.24,4.65
Pavarisa YoktuanRounds played 8,#413,74.0,-2.60,1.75,3.25,4.12,5.07
Dori CarterRounds played 4,-,74.0,-2.06,1.50,3.38,4.15,4.75
Vivian HouRounds played 25,#647,74.1,-2.54,2.22,3.13,4.22,4.93
Mariajo UribeRounds played 20,#940,74.1,-2.15,2.50,3.35,4.18,4.79
Savannah VilaubiRounds played 34,#742,74.1,-2.17,2.23,3.21,4.22,4.75
Maria McbrideRounds played 6,-,74.2,-2.83,3.33,3.13,4.22,4.79
Fatima Fernandez CanoRounds played 34,#419,74.2,-2.56,2.75,3.31,4.24,4.68
Jillian HollisRounds played 14,#443,74.2,-1.87,2.30,3.04,4.17,5.31
Jing YanRounds played 16,#748,74.2,-2.37,2.36,3.23,4.18,4.99
Sydnee MichaelsRounds played 14,#859,74.3,-2.82,2.70,3.26,4.20,4.83
Lauren KimRounds played 22,#643,74.3,-2.19,2.28,3.14,4.32,4.70
Kristy McphersonRounds played 10,#862,74.3,-3.10,2.17,3.09,4.33,4.93
Mirim LeeRounds played 26,#370,74.5,-2.03,2.35,3.09,4.29,4.86
Catriona MatthewRounds played 2,#634,74.5,-1.62,2.50,2.63,4.50,4.83
Silvia CavalleriRounds played 4,-,74.5,-2.88,2.50,3.29,4.34,4.64
Youngin ChunRounds played 12,#932,74.6,-2.29,2.44,3.11,4.25,5.00
Haley MooreRounds played 6,#893,74.8,-3.13,1.75,3.17,4.34,4.82
Min Seo KwakRounds played 8,#898,75.5,-4.27,2.33,3.38,4.26,4.93
Sandra GalRounds played 2,#1157,75.5,-1.94,1.00,3.13,4.30,5.00
Michelle Wie WestRounds played 6,#740,75.8,-3.38,2.00,3.22,4.27,5.00
Ashli BunchRounds played 2,-,76.0,-4.06,1.50,3.50,4.25,4.88
Ilhee LeeRounds played 6,#1406,76.7,-4.49,1.83,3.33,4.34,5.00
Laura DaviesRounds played 8,#587,76.8,2.20,2.38,3.44,4.36,4.84
Beatriz RecariRounds played 2,#1287,77.0,-4.75,1.50,3.13,4.50,4.88
Annika SorenstamRounds played 6,-,77.5,-4.20,1.00,3.38,4.41,5.17
Juli InksterRounds played 2,-,78.0,-5.80,2.50,3.50,4.40,5.00
Lorie KaneRounds played 2,-,85.0,-14.5,0,3.70,4.83,5.75
Min Ji ParkRounds played 4,-,-,0.94,-,3.15,3.83,4.81
Kenzie WrightRounds played 2,-,-,-3.73,-,3.00,4.28,4.88
Sarah RheeRounds played 4,-,-,-0.89,-,3.00,4.13,4.75
Sophie WittRounds played 5,-,-,-0.96,-,3.48,4.19,4.44
Diksha DagarRounds played 7,-,-,-1.44,-,3.21,4.31,4.57
Arpichaya YubolRounds played 4,-,-,-2.29,-,3.13,4.05,5.19
Kathleen ScavoRounds played 2,-,-,-1.70,-,3.25,4.18,5.33
Laura FuenfstueckRounds played 2,-,-,-5.18,-,3.94,4.39,4.67
Louise DuncanRounds played 8,-,-,-0.90,-,3.19,4.23,4.92
Mizuki HashimotoRounds played 4,-,-,-2.61,-,3.07,4.34,4.96
Anne-Lise CaudalRounds played 2,-,-,-2.18,-,3.75,4.26,4.44
Ah-Reum HwangRounds played 4,-,-,0.66,-,2.75,4.03,4.75
Lilly ThomasRounds played 2,-,-,-6.23,-,3.20,4.50,4.75
Ingrid LindbladRounds played 6,-,-,1.21,-,3.00,4.16,4.63
Bailey ShoemakerRounds played 11,-,-,0.00,-,3.08,4.25,4.53
Megan OslandRounds played 4,-,-,-5.40,-,3.17,4.45,5.14
Anna DavisRounds played 24,-,-,-0.91,-,3.12,4.12,4.87
Chloe KoveleskyRounds played 2,-,-,-3.56,-,3.50,4.30,4.63
Mariel GaldianoRounds played 2,-,-,-0.70,-,3.38,4.23,4.67
Maisie FillerRounds played 3,-,-,0.23,-,3.42,4.00,4.33
Bohyun ParkRounds played 4,-,-,-0.26,-,3.00,4.20,4.85
Kennedy SwannRounds played 2,-,-,-3.56,-,3.25,4.25,5.00
MinYoung2 LeeRounds played 4,-,-,0.15,-,2.88,4.03,4.75
Meghan MaclarenRounds played 10,-,-,-0.21,-,3.42,4.04,4.55
Mami FukudaRounds played 4,-,-,-1.34,-,3.00,4.08,4.88
Ellie SlamaRounds played 2,-,-,-0.56,-,3.13,4.10,4.75
Leonie HarmRounds played 11,-,-,0.86,-,3.14,4.03,4.62
Brooke SeayRounds played 4,-,-,-0.58,-,2.94,4.10,4.94
Ami GianchandaniRounds played 2,-,-,0.30,-,3.25,4.04,5.17
Shoko SasakiRounds played 4,-,-,-0.10,-,3.06,4.10,4.44
Auston KimRounds played 2,-,-,-0.20,-,2.88,4.18,5.33
Jess BakerRounds played 6,-,-,-3.09,-,2.95,4.33,5.23
Jung Min HongRounds played 2,-,-,-0.12,-,3.13,4.27,4.50
Olivia MehaffeyRounds played 2,-,-,-4.18,-,3.75,4.29,4.83
Allie KnightRounds played 2,-,-,-9.39,-,3.63,4.70,5.50
Avery ZweigRounds played 4,-,-,-8.40,-,3.39,4.64,5.17
Lydia HallRounds played 10,-,-,-1.85,-,3.13,4.29,4.93
Sara ImRounds played 2,-,-,-0.70,-,3.25,4.23,4.83
Smila SoenderbyRounds played 2,-,-,-0.70,-,3.38,4.18,4.83
Alyaa AbdulghanyRounds played 2,-,-,-4.20,-,3.63,4.36,5.00
Lauren KimRounds played 2,-,-,-0.70,-,3.25,4.09,5.33
Wenbo LiuRounds played 2,-,-,-2.70,-,3.00,4.41,5.17
Yuri OnishiRounds played 2,-,-,-2.70,-,3.13,4.36,5.17
Hannah BurkeRounds played 2,-,-,-3.68,-,3.81,4.34,4.56
Taylor CollinsRounds played 2,-,-,-4.75,-,3.50,4.25,5.13
Katie CranstonRounds played 2,-,-,-5.04,-,3.20,4.44,4.88
Nika ItoRounds played 2,-,-,-5.70,-,3.00,4.50,5.83
Cloe FrankishRounds played 3,-,-,-7.82,-,3.33,4.73,4.84
Noora KomulainenRounds played 4,-,-,-3.49,-,3.47,4.24,4.88
Gianna ClementeRounds played 6,-,-,-1.58,-,3.00,4.13,4.96
Lauren GomezRounds played 2,-,-,-2.70,-,3.00,4.46,5.00
Ursula WikstromRounds played 7,-,-,-1.01,-,3.29,4.20,4.61
Miyu SatoRounds played 4,-,-,0.15,-,3.00,3.90,4.94
Yuting ShiRounds played 4,-,-,0.66,-,2.69,3.95,5.00
Xiaowen YinRounds played 6,-,-,-2.34,-,3.00,4.26,4.72
Laura SlumanRounds played 4,-,-,-0.75,-,3.13,4.15,4.88
Cara GainerRounds played 4,-,-,1.74,-,3.44,4.04,4.19
Monet ChunRounds played 2,-,-,-4.04,-,3.10,4.39,4.88
Saki BabaRounds played 4,-,-,0.38,-,3.06,4.21,4.92
Annabel DimmockRounds played 4,-,-,-1.74,-,3.38,4.28,4.47
Selena CostabileRounds played 2,-,-,-0.54,-,3.00,4.11,4.75
Karolin LampertRounds played 5,-,-,-1.76,-,3.38,4.27,4.54
Georgia ObohRounds played 2,-,-,-3.71,-,3.13,4.23,5.33
Nicole GarciaRounds played 6,-,-,-1.23,-,3.25,4.16,4.89
Kristyna NapoleaovaRounds played 2,-,-,-6.68,-,3.75,4.63,4.67
Rina TatematsuRounds played 4,-,-,-3.08,-,2.88,4.08,4.88
Savannah GrewalRounds played 2,-,-,-4.54,-,3.00,4.44,5.00
Serena AokiRounds played 4,-,-,-1.34,-,3.06,4.03,4.94
Catherine ParkRounds played 2,-,-,-0.20,-,3.38,4.09,5.00
Lucy LiRounds played 26,-,-,1.15,-,2.96,4.01,4.67
Natasha Andrea OonRounds played 10,-,-,-0.52,-,3.06,4.03,4.85
Emma GrechiRounds played 6,-,-,-0.42,-,3.08,4.10,4.76
Tiia KoivistoRounds played 10,-,-,-0.50,-,3.25,4.15,4.50
Caley McgintyRounds played 2,-,-,-2.62,-,3.13,4.46,4.67
Kana NagaiRounds played 4,-,-,2.90,-,2.81,3.92,4.38
Rebecca Lee-BenthamRounds played 4,-,-,-1.23,-,3.15,4.03,4.88
Bailey DavisRounds played 2,-,-,-7.20,-,3.13,4.59,5.83
Julianne AlvarezRounds played 2,-,-,-4.20,-,3.13,4.50,5.17
Mone InamiRounds played 4,-,-,0.66,-,3.25,3.95,4.44
Britney YadaRounds played 2,-,-,-0.20,-,3.13,4.23,4.83
Mayu HamadaRounds played 2,-,-,-0.70,-,3.25,4.18,5.00
Linda WessbergRounds played 2,-,-,-4.30,-,3.25,4.25,5.13
Chloe WilliamsRounds played 6,-,-,-1.76,-,3.19,4.24,4.66
Ashley Tait-WengertRounds played 2,-,-,-3.89,-,3.00,4.50,5.25
Lauren ZaretskyRounds played 4,-,-,-0.98,-,2.90,4.22,4.69
Allie WhiteRounds played 2,-,-,-4.06,-,3.25,4.20,5.25
Prima ThammaraksRounds played 4,-,-,-3.83,-,3.06,4.08,4.88
Teresa LuRounds played 2,-,-,-2.44,-,3.13,4.45,4.75
Melanie GreenRounds played 2,-,-,-3.70,-,3.50,4.23,5.50
Manon De RoeyRounds played 10,-,-,-1.71,-,3.29,4.13,4.76
Sock Hwee KohRounds played 4,-,-,-4.74,-,3.19,4.30,5.00
Alice HewsonRounds played 8,-,-,0.52,-,3.29,4.01,4.64
Billie-Jo SmithRounds played 2,-,-,-1.18,-,3.69,4.18,4.44
Grace KimRounds played 4,-,-,-0.62,-,3.13,4.32,4.75
Minsol KimRounds played 6,-,-,0.29,-,3.03,4.13,4.93
Hayley DavisRounds played 5,-,-,-1.49,-,3.69,4.13,4.46
Marianne SkarpnordRounds played 8,-,-,-2.05,-,3.45,4.13,4.84
Ashley GrierRounds played 2,-,-,-10.9,-,3.38,4.75,6.00
Nozomi UetakeRounds played 4,-,-,-0.10,-,2.94,4.00,4.81
Tvesa MalikRounds played 4,-,-,-3.49,-,3.41,4.37,4.65
Sakura KoiwaiRounds played 8,-,-,1.52,-,3.04,4.06,4.67
Soo Bin JooRounds played 2,-,-,-1.20,-,3.13,4.32,4.83
Kajal MistryRounds played 2,-,-,-2.73,-,2.90,4.22,4.88
Hyunjo YooRounds played 4,-,-,-1.97,-,3.13,4.17,4.75
Miyu YamashitaRounds played 8,-,-,2.18,-,3.03,3.95,4.54
Gurleen KaurRounds played 4,-,-,-3.13,-,3.17,4.42,4.75
Brigitte ThibaultRounds played 2,-,-,-4.04,-,3.30,4.33,4.75
Isabella FierroRounds played 2,-,-,-0.83,-,2.88,4.10,5.13
Minami KatsuRounds played 6,-,-,0.06,-,2.96,4.16,4.54
Momoko OsatoRounds played 4,-,-,-1.09,-,2.94,4.17,4.63
Casandra AlexanderRounds played 4,-,-,-0.40,-,3.33,4.13,4.71
So Young LeeRounds played 2,-,-,-2.44,-,3.25,4.30,5.00
Malak BouraedaRounds played 2,-,-,-6.70,-,3.13,4.50,6.00
Saiki FujitaRounds played 6,-,-,-1.77,-,3.08,4.19,4.82
Hee Jeong LimRounds played 6,-,-,-0.26,-,3.00,4.07,4.83
Jensen CastleRounds played 4,-,-,-2.15,-,3.33,4.22,4.86
Karissa KilbyRounds played 2,-,-,-4.20,-,3.13,4.50,5.17
Carmen AlonsoRounds played 8,-,-,-1.72,-,3.41,4.11,4.64
Alexandra ForsterlingRounds played 2,-,-,-5.20,-,3.75,4.27,5.50
Alexa PanoRounds played 2,-,-,-1.70,-,3.13,4.14,5.67
Gabby LemieuxRounds played 2,-,-,-8.20,-,3.25,4.68,5.67
Agathe SauzonRounds played 5,-,-,-0.76,-,3.27,4.13,4.70
Ayaka WatanabeRounds played 4,-,-,-0.10,-,2.88,4.05,4.75
Kotone HoriRounds played 8,-,-,0.68,-,2.94,4.13,4.54
Stephanie Connelly EiswerthRounds played 2,-,-,-3.39,-,3.25,4.25,5.50
Yuna NishimuraRounds played 12,-,-,1.48,-,2.91,3.99,4.79
Haruka MoritaRounds played 4,-,-,1.16,-,2.75,3.98,4.75
Virginia Elena CartaRounds played 2,-,-,-1.18,-,3.94,3.92,4.78
Karen KimRounds played 2,-,-,-2.70,-,3.25,4.36,5.00
Jeonghyun LeeRounds played 2,-,-,-4.70,-,3.63,4.41,5.00
Sandra ChangkijaRounds played 2,-,-,-0.39,-,3.63,3.80,5.50
Rosie DaviesRounds played 3,-,-,-3.40,-,3.50,4.46,4.52
Savannah De BockRounds played 2,-,-,-3.12,-,3.13,4.46,4.83
Miyu GotoRounds played 4,-,-,0.41,-,2.94,4.08,4.50
Nishtha MadanRounds played 2,-,-,-6.25,-,3.63,4.35,5.13
Michelle LiuRounds played 2,-,-,-4.04,-,3.10,4.39,4.88
Jana MelichovaRounds played 6,-,-,-3.20,-,3.35,4.22,4.83
Chisato IwaiRounds played 4,-,-,0.15,-,3.00,4.08,4.50
Seon Woo BaeRounds played 4,-,-,-1.09,-,2.94,4.13,4.75
Felicity JohnsonRounds played 4,-,-,-1.99,-,3.28,4.19,4.82
Valerie TanguayRounds played 2,-,-,-3.54,-,3.00,4.39,4.88
Hannah MccookRounds played 2,-,-,-3.30,-,3.00,4.25,5.13
Gabriella CowleyRounds played 4,-,-,-1.49,-,3.56,4.18,4.47
Ana Pelaez TrivinoRounds played 8,-,-,-0.72,-,3.36,4.09,4.68
Lakareber AbeRounds played 2,-,-,-0.90,-,2.75,4.20,4.88
Krista BakkerRounds played 2,-,-,-9.30,-,2.88,4.40,6.38
Olivia BenzinRounds played 2,-,-,-1.06,-,3.13,4.10,4.88
Erika KikuchiRounds played 4,-,-,-0.59,-,3.13,4.03,4.69
Becky BrewertonRounds played 8,-,-,-1.72,-,3.30,4.10,4.84
Chanettee WannasaenRounds played 10,-,-,-0.47,-,3.05,3.96,4.76
Emma McmylerRounds played 4,-,-,-2.59,-,3.25,4.25,5.25
Beth WuRounds played 2,-,-,0.30,-,2.88,4.41,4.33
Ayako KimuraRounds played 4,-,-,-1.09,-,3.00,4.05,4.88
Michelle ZhangRounds played 4,-,-,-2.31,-,3.15,4.40,4.80
Christine WolfRounds played 4,-,-,-1.49,-,3.31,4.21,4.65
So Mi LeeRounds played 8,-,-,1.52,-,3.08,4.12,4.80
Liz YoungRounds played 8,-,-,1.02,-,3.25,4.07,4.34
Johanna GustavssonRounds played 10,-,-,-0.26,-,2.95,4.08,4.86
Shuri SakumaRounds played 4,-,-,0.66,-,2.88,4.03,4.63
Mao NozawaRounds played 4,-,-,0.91,-,2.88,4.03,4.56
Kana MikashimaRounds played 4,-,-,0.41,-,2.75,4.05,4.75
Lina BoqvistRounds played 4,-,-,-0.99,-,3.41,4.13,4.62
Sarah-Eve RheaumeRounds played 2,-,-,-0.04,-,3.10,3.94,4.88
Michele ThomsonRounds played 6,-,-,-3.20,-,3.55,4.16,5.05
Jennifer BoroczRounds played 2,-,-,-11.4,-,3.38,4.85,5.88
Sadena ParksRounds played 2,-,-,-2.93,-,2.80,4.19,5.30
Jaravee BoonchantRounds played 4,-,-,-0.07,-,2.94,3.90,4.50
Valery PlataRounds played 6,-,-,-2.22,-,3.24,4.18,4.94
Blakesly BrockRounds played 2,-,-,-7.20,-,3.88,4.50,5.17
Ai SuzukiRounds played 5,-,-,-0.61,-,3.04,4.10,5.04
Audrey RyuRounds played 1,-,-,-9.04,-,3.50,4.46,5.67
Lauren MillerRounds played 2,-,-,-5.20,-,3.25,4.54,5.17
Mao SaigoRounds played 18,-,-,1.04,-,3.02,4.06,4.72
Jessica KarlssonRounds played 7,-,-,-0.06,-,3.30,4.11,4.47
Beth AllenRounds played 2,-,-,-5.80,-,3.25,4.40,5.13
Trichat CheenglabRounds played 2,-,-,-1.80,-,3.13,4.05,5.13
Rachel HeckRounds played 4,-,-,-0.81,-,3.35,4.03,4.56
Kim MetrauxRounds played 4,-,-,-3.49,-,3.41,4.21,5.03
Lucy LinRounds played 2,-,-,-3.04,-,3.00,4.50,4.50
Jiyai ShinRounds played 4,-,-,-1.09,-,3.06,4.10,4.69
Rachel KuehnRounds played 2,-,-,-4.26,-,3.38,4.54,4.33
Makensie TooleRounds played 2,-,-,-4.56,-,3.38,4.30,5.00
Rose ZhangRounds played 12,-,-,0.34,-,3.06,4.15,4.75
Yuna TakagiRounds played 4,-,-,-2.12,-,3.06,4.36,5.17
Vanessa ZhangRounds played 2,-,-,-2.54,-,2.60,4.33,5.25
Gabriela RuffelsRounds played 6,-,-,0.21,-,3.25,4.04,4.96
Yeji KwonRounds played 2,-,-,-5.04,-,3.40,4.28,5.00
Natsumi HayakawaRounds played 2,-,-,-5.20,-,3.50,4.27,5.83
Whitney HillierRounds played 8,-,-,-1.77,-,3.42,4.25,4.70
Laney FryeRounds played 4,-,-,-1.20,-,3.17,4.30,4.72
Hae Ran RyuRounds played 2,-,-,-1.70,-,3.38,4.18,5.17
Sakura YokomineRounds played 2,-,-,-2.33,-,3.38,4.25,4.63
Min-G KimRounds played 2,-,-,-1.06,-,3.38,4.00,4.88
Laura BeveridgeRounds played 2,-,-,-0.68,-,3.75,4.21,4.22
Maria HernandezRounds played 6,-,-,-2.59,-,3.29,4.19,4.88
Sayaka TakahashiRounds played 6,-,-,-0.77,-,3.00,4.16,4.73
Lucie MalchirandRounds played 2,-,-,-5.30,-,3.25,4.35,5.13
Momoko UedaRounds played 10,-,-,1.03,-,2.92,4.07,4.73
Alisa RodriguezRounds played 2,-,-,-0.89,-,3.13,4.30,4.88
Yuri YoshidaRounds played 4,-,-,1.66,-,2.81,3.95,4.63
Anna MorganRounds played 2,-,-,-1.20,-,3.13,4.18,5.33
Nana SuganumaRounds played 4,-,-,-0.84,-,3.00,4.03,4.88
Pei-Ying TsaiRounds played 4,-,-,-0.84,-,3.00,4.03,4.88
Annabell FullerRounds played 2,-,-,-3.70,-,3.25,4.41,5.17
Magdalena SimmermacherRounds played 8,-,-,-2.43,-,3.40,4.26,4.59
Min Song HaRounds played 2,-,-,-1.94,-,3.00,4.40,4.88
Suzuka YamaguchiRounds played 2,-,-,-4.44,-,3.25,4.50,5.00
Kylee ChoiRounds played 2,-,-,-2.20,-,3.13,4.23,5.50
Sofia GarciaRounds played 4,-,-,-0.37,-,3.13,4.25,4.92
Sarah SchoberRounds played 4,-,-,0.20,-,3.06,4.08,4.56
Benedetta MorescoRounds played 2,-,-,-5.11,-,3.40,4.44,4.75
Pia BabnikRounds played 23,-,-,0.33,-,3.03,4.15,4.67
Mi Jeong JeonRounds played 4,-,-,-0.84,-,3.00,4.17,4.50
Aline KrauterRounds played 9,-,-,0.33,-,3.00,4.08,4.56
Jenny Suh ThompsonRounds played 2,-,-,-3.39,-,3.25,4.45,5.00
Kylie HenryRounds played 8,-,-,-0.28,-,3.31,4.06,4.60
Ingrid Gutierrez NunezRounds played 2,-,-,-1.70,-,3.38,4.27,4.83
Julia EngstromRounds played 4,-,-,-3.49,-,3.28,4.33,4.85
